transaction_id,user_id,amount,time,method,topup_flag
943,user_3,1393.72,2024-01-01 12:00:39,bank_transfer,0
618,user_8,4041.18,2024-01-01 12:01:48,card,1
450,user_31,4993.97,2024-01-01 12:02:31,card,1
273,user_37,3846.46,2024-01-01 12:03:14,bank_transfer,0
976,user_12,5088.52,2024-01-01 12:06:03,bank_transfer,0
205,user_21,5284.1,2024-01-01 12:09:55,mobile_money,1
441,user_6,4701.62,2024-01-01 12:10:12,bank_transfer,0
482,user_5,8693.61,2024-01-01 12:21:25,bank_transfer,0
526,user_6,7344.48,2024-01-01 12:21:25,mobile_money,0
17,user_40,2613.68,2024-01-01 12:34:13,mobile_money,0
646,user_13,5503.14,2024-01-01 12:35:39,bank_transfer,0
161,user_11,8105.72,2024-01-01 12:36:11,mobile_money,0
456,user_18,3738.02,2024-01-01 12:36:47,mobile_money,1
754,user_21,3833.85,2024-01-01 12:38:48,bank_transfer,1
878,user_37,4178.58,2024-01-01 12:40:50,card,0
607,user_5,8248.76,2024-01-01 12:42:47,mobile_money,0
123,user_38,7726.87,2024-01-01 12:46:34,mobile_money,0
117,user_6,5299.67,2024-01-01 12:50:24,mobile_money,0
446,user_28,6016.38,2024-01-01 12:53:46,bank_transfer,0
654,user_37,6465.95,2024-01-01 12:57:02,card,0
259,user_9,3252.05,2024-01-01 13:06:40,mobile_money,0
909,user_25,5856.63,2024-01-01 13:07:27,bank_transfer,0
232,user_38,4888.9,2024-01-01 13:08:33,card,0
167,user_30,5648.33,2024-01-01 13:15:08,bank_transfer,0
727,user_13,22786.0,2024-01-01 13:18:16,mobile_money,0
215,user_30,3520.76,2024-01-01 13:22:16,mobile_money,0
581,user_7,6740.14,2024-01-01 13:25:46,bank_transfer,0
731,user_34,7186.14,2024-01-01 13:26:42,card,1
692,user_34,5107.98,2024-01-01 13:31:12,bank_transfer,0
238,user_17,6910.28,2024-01-01 13:32:31,bank_transfer,0
686,user_9,4563.5,2024-01-01 13:34:13,mobile_money,0
403,user_24,4384.43,2024-01-01 13:41:33,bank_transfer,0
955,user_30,7352.35,2024-01-01 13:44:09,bank_transfer,0
260,user_7,4993.41,2024-01-01 13:50:21,bank_transfer,0
743,user_19,3437.96,2024-01-01 13:58:49,card,0
66,user_1,5337.32,2024-01-01 14:02:16,bank_transfer,1
373,user_3,4272.78,2024-01-01 14:07:31,bank_transfer,0
579,user_17,3752.46,2024-01-01 14:08:54,mobile_money,0
315,user_10,7771.81,2024-01-01 14:09:26,bank_transfer,0
683,user_19,5056.36,2024-01-01 14:09:34,bank_transfer,1
554,user_15,8608.99,2024-01-01 14:09:38,mobile_money,0
294,user_18,9150.8,2024-01-01 14:11:24,card,0
680,user_24,9003.89,2024-01-01 14:13:02,mobile_money,0
800,user_8,2246.62,2024-01-01 14:17:49,bank_transfer,1
1000,user_7,6492.52,2024-01-01 14:18:38,bank_transfer,0
613,user_3,4066.37,2024-01-01 14:20:21,bank_transfer,0
932,user_14,3986.78,2024-01-01 14:21:34,mobile_money,0
894,user_32,2143.94,2024-01-01 14:21:35,bank_transfer,1
390,user_5,6162.04,2024-01-01 14:28:10,mobile_money,0
109,user_20,5715.57,2024-01-01 14:34:41,bank_transfer,0
539,user_29,4033.63,2024-01-01 14:38:57,mobile_money,1
786,user_35,7416.73,2024-01-01 14:41:29,card,0
402,user_24,6065.19,2024-01-01 14:51:50,bank_transfer,1
184,user_29,2656.05,2024-01-01 14:52:12,mobile_money,1
948,user_37,5839.33,2024-01-01 14:53:22,mobile_money,1
831,user_14,2324.25,2024-01-01 14:56:16,bank_transfer,0
923,user_39,3377.02,2024-01-01 14:58:03,card,0
102,user_9,6480.68,2024-01-01 15:00:30,mobile_money,0
422,user_3,7555.85,2024-01-01 15:02:22,bank_transfer,0
941,user_7,4871.86,2024-01-01 15:02:40,bank_transfer,0
793,user_8,3313.48,2024-01-01 15:02:48,bank_transfer,1
70,user_35,5756.45,2024-01-01 15:06:05,bank_transfer,1
349,user_23,843.25,2024-01-01 15:13:53,card,0
68,user_22,2196.3,2024-01-01 15:17:21,card,1
814,user_36,1126.96,2024-01-01 15:24:05,mobile_money,0
957,user_29,5413.45,2024-01-01 15:29:50,mobile_money,0
407,user_39,6633.4,2024-01-01 15:35:18,card,0
742,user_32,4765.2,2024-01-01 15:36:57,bank_transfer,1
677,user_4,200.0,2024-01-01 16:03:41,bank_transfer,0
110,user_34,6121.57,2024-01-01 16:05:47,bank_transfer,1
524,user_23,7178.02,2024-01-01 16:10:06,bank_transfer,0
86,user_17,7205.37,2024-01-01 16:13:34,mobile_money,0
759,user_20,3343.07,2024-01-01 16:15:21,bank_transfer,0
283,user_28,2199.57,2024-01-01 16:20:22,card,1
929,user_13,4609.4,2024-01-01 16:21:25,bank_transfer,0
684,user_29,4981.76,2024-01-01 16:25:24,mobile_money,0
221,user_5,9121.5,2024-01-01 16:27:00,bank_transfer,0
898,user_5,4394.07,2024-01-01 16:27:20,card,1
24,user_5,1833.41,2024-01-01 16:27:40,card,0
124,user_9,6657.53,2024-01-01 16:28:49,mobile_money,1
812,user_18,3092.79,2024-01-01 16:29:55,bank_transfer,1
430,user_36,3889.55,2024-01-01 16:31:55,mobile_money,0
570,user_33,4097.99,2024-01-01 16:41:28,bank_transfer,0
347,user_20,3574.31,2024-01-01 16:45:15,card,0
666,user_16,6578.63,2024-01-01 16:45:20,mobile_money,0
558,user_21,3583.84,2024-01-01 17:00:22,bank_transfer,0
757,user_1,2412.88,2024-01-01 17:01:39,card,0
600,user_12,693.22,2024-01-01 17:04:31,mobile_money,0
577,user_36,5127.71,2024-01-01 17:07:15,mobile_money,1
660,user_4,6388.81,2024-01-01 17:10:15,mobile_money,1
534,user_33,7396.89,2024-01-01 17:11:40,bank_transfer,0
356,user_1,7048.57,2024-01-01 17:12:54,mobile_money,0
612,user_24,4874.81,2024-01-01 17:23:20,bank_transfer,0
358,user_5,2178.3,2024-01-01 17:27:53,mobile_money,0
405,user_13,2361.3,2024-01-01 17:29:56,mobile_money,0
953,user_8,7268.96,2024-01-01 17:31:57,bank_transfer,0
415,user_9,3361.47,2024-01-01 17:34:52,card,1
610,user_39,7523.64,2024-01-01 17:35:46,mobile_money,0
784,user_14,5162.2,2024-01-01 17:35:57,card,0
432,user_33,4598.42,2024-01-01 17:39:04,card,0
672,user_32,2337.53,2024-01-01 17:40:01,mobile_money,0
999,user_29,2770.63,2024-01-01 17:40:45,mobile_money,0
655,user_37,4712.98,2024-01-01 17:41:05,bank_transfer,0
382,user_26,4958.3,2024-01-01 17:41:20,bank_transfer,0
499,user_38,7498.4,2024-01-01 17:48:43,bank_transfer,0
236,user_2,3120.24,2024-01-01 17:59:03,mobile_money,0
475,user_20,4557.61,2024-01-01 17:59:30,card,0
930,user_12,5609.32,2024-01-01 18:01:00,bank_transfer,0
769,user_31,4581.95,2024-01-01 18:01:57,bank_transfer,0
423,user_34,5825.14,2024-01-01 18:03:38,bank_transfer,0
250,user_15,615.74,2024-01-01 18:04:25,card,1
396,user_35,1961.64,2024-01-01 18:04:42,bank_transfer,0
734,user_1,7597.62,2024-01-01 18:05:35,card,0
615,user_29,6044.84,2024-01-01 18:12:51,bank_transfer,1
968,user_14,3509.05,2024-01-01 18:14:08,bank_transfer,1
434,user_36,4730.65,2024-01-01 18:15:29,card,0
26,user_30,3238.82,2024-01-01 18:19:44,bank_transfer,0
332,user_25,5146.64,2024-01-01 18:25:06,bank_transfer,0
960,user_7,8373.28,2024-01-01 18:26:15,card,0
203,user_28,8369.37,2024-01-01 18:29:17,mobile_money,1
414,user_8,10211.95,2024-01-01 18:30:13,card,0
505,user_29,4762.0,2024-01-01 18:34:12,mobile_money,1
166,user_31,6707.95,2024-01-01 18:35:40,card,0
703,user_34,5321.15,2024-01-01 18:39:32,bank_transfer,0
413,user_9,2498.01,2024-01-01 18:40:22,card,0
419,user_5,2189.68,2024-01-01 18:41:58,mobile_money,0
789,user_27,7231.8,2024-01-01 18:45:23,mobile_money,0
921,user_29,4844.93,2024-01-01 18:45:39,bank_transfer,0
706,user_8,2944.19,2024-01-01 19:01:38,mobile_money,1
722,user_35,3538.64,2024-01-01 19:04:00,mobile_money,0
469,user_39,3916.2,2024-01-01 19:05:09,mobile_money,0
346,user_7,751.8,2024-01-01 19:08:28,bank_transfer,0
436,user_27,8227.94,2024-01-01 19:11:00,mobile_money,0
640,user_38,2295.67,2024-01-01 19:20:24,card,1
931,user_2,9592.89,2024-01-01 19:20:28,mobile_money,0
536,user_40,3480.76,2024-01-01 19:24:28,mobile_money,1
622,user_19,3208.98,2024-01-01 19:24:41,mobile_money,0
229,user_12,5400.27,2024-01-01 19:26:33,bank_transfer,0
363,user_23,2837.87,2024-01-01 19:31:51,bank_transfer,0
23,user_14,2981.83,2024-01-01 19:35:13,bank_transfer,0
186,user_35,25748.0,2024-01-01 19:35:40,card,1
944,user_26,1831.73,2024-01-01 19:35:52,mobile_money,0
525,user_26,9311.77,2024-01-01 19:38:19,bank_transfer,1
92,user_4,8793.59,2024-01-01 19:39:58,bank_transfer,0
3,user_7,8158.43,2024-01-01 19:46:22,bank_transfer,0
93,user_34,6079.22,2024-01-01 19:49:54,bank_transfer,1
249,user_30,3746.95,2024-01-01 19:53:27,mobile_money,0
333,user_10,5322.71,2024-01-01 19:54:33,card,0
671,user_21,3428.02,2024-01-01 20:00:22,card,1
397,user_10,4295.65,2024-01-01 20:01:08,bank_transfer,0
853,user_4,7099.31,2024-01-01 20:04:20,mobile_money,0
218,user_20,4484.2,2024-01-01 20:07:31,card,1
132,user_16,5809.96,2024-01-01 20:07:44,bank_transfer,0
75,user_7,5856.03,2024-01-01 20:08:32,bank_transfer,1
411,user_22,4379.31,2024-01-01 20:08:44,bank_transfer,0
593,user_22,7093.84,2024-01-01 20:13:03,mobile_money,0
146,user_13,3799.57,2024-01-01 20:16:27,bank_transfer,0
895,user_25,4523.44,2024-01-01 20:20:07,bank_transfer,0
38,user_4,6591.19,2024-01-01 20:22:13,card,0
922,user_39,6269.08,2024-01-01 20:24:28,mobile_money,1
188,user_14,6523.14,2024-01-01 20:24:48,mobile_money,1
711,user_14,3846.98,2024-01-01 20:29:54,bank_transfer,0
367,user_32,3954.55,2024-01-01 20:33:00,mobile_money,0
145,user_8,5398.12,2024-01-01 20:35:15,bank_transfer,0
540,user_16,8147.97,2024-01-01 20:35:27,bank_transfer,0
580,user_5,8828.06,2024-01-01 20:36:46,bank_transfer,0
497,user_5,8253.04,2024-01-01 20:39:14,bank_transfer,1
502,user_31,6212.33,2024-01-01 20:40:37,mobile_money,0
113,user_36,3888.11,2024-01-01 20:44:57,mobile_money,1
251,user_21,6702.8,2024-01-01 20:45:58,bank_transfer,1
889,user_6,3993.71,2024-01-01 20:52:34,mobile_money,0
574,user_6,5692.98,2024-01-01 20:52:54,mobile_money,0
4,user_6,6534.87,2024-01-01 20:53:14,card,0
198,user_2,3948.49,2024-01-01 20:59:27,bank_transfer,0
44,user_18,9574.45,2024-01-01 21:00:35,mobile_money,0
693,user_33,4252.35,2024-01-01 21:02:13,bank_transfer,1
99,user_38,1433.5,2024-01-01 21:06:48,mobile_money,0
891,user_5,6269.44,2024-01-01 21:10:08,bank_transfer,0
95,user_39,4718.2,2024-01-01 21:22:53,card,1
107,user_5,3232.29,2024-01-01 21:29:02,mobile_money,0
486,user_40,4868.5,2024-01-01 21:29:22,bank_transfer,0
492,user_34,3866.66,2024-01-01 21:29:37,mobile_money,0
478,user_12,5558.04,2024-01-01 21:31:14,bank_transfer,1
723,user_23,6355.85,2024-01-01 21:31:47,card,0
298,user_6,9416.9,2024-01-01 21:34:14,mobile_money,0
331,user_31,6646.34,2024-01-01 21:34:51,mobile_money,0
225,user_24,4132.7,2024-01-01 21:37:10,bank_transfer,1
134,user_31,5453.7,2024-01-01 21:40:21,mobile_money,1
635,user_5,6005.6,2024-01-01 21:40:46,bank_transfer,0
477,user_1,4809.41,2024-01-01 21:45:40,mobile_money,0
836,user_25,7238.53,2024-01-01 21:47:23,bank_transfer,0
585,user_30,5395.13,2024-01-01 21:47:26,mobile_money,0
787,user_31,6556.72,2024-01-01 21:53:18,mobile_money,1
951,user_23,4577.74,2024-01-01 21:53:36,mobile_money,0
719,user_32,5885.61,2024-01-01 21:53:39,mobile_money,0
828,user_13,4671.64,2024-01-01 21:57:54,bank_transfer,0
324,user_20,5942.94,2024-01-01 22:03:30,bank_transfer,0
384,user_1,3166.91,2024-01-01 22:09:11,card,0
860,user_36,5179.32,2024-01-01 22:12:31,card,0
246,user_24,3759.27,2024-01-01 22:24:34,bank_transfer,0
664,user_26,2185.71,2024-01-01 22:29:04,mobile_money,1
130,user_27,5314.4,2024-01-01 22:33:00,bank_transfer,1
125,user_3,7096.04,2024-01-01 22:35:41,card,0
893,user_2,1878.22,2024-01-01 22:45:58,mobile_money,0
662,user_39,4386.44,2024-01-01 22:56:15,bank_transfer,1
338,user_10,1310.19,2024-01-01 23:01:25,mobile_money,1
57,user_9,4033.75,2024-01-01 23:03:14,mobile_money,1
636,user_31,4278.97,2024-01-01 23:12:54,mobile_money,0
156,user_36,4842.54,2024-01-01 23:15:09,mobile_money,0
119,user_17,5708.84,2024-01-01 23:21:05,mobile_money,1
241,user_27,2131.82,2024-01-01 23:21:21,card,0
531,user_22,4627.89,2024-01-01 23:24:07,mobile_money,0
217,user_8,5666.35,2024-01-01 23:24:12,card,0
752,user_12,4337.09,2024-01-01 23:25:48,bank_transfer,0
211,user_3,5437.37,2024-01-01 23:28:12,card,0
341,user_35,3401.78,2024-01-01 23:28:19,mobile_money,0
466,user_10,3740.97,2024-01-01 23:39:06,bank_transfer,1
716,user_16,4938.12,2024-01-01 23:39:10,mobile_money,0
103,user_30,4565.09,2024-01-01 23:39:32,card,0
934,user_32,3594.01,2024-01-01 23:40:37,mobile_money,1
387,user_24,1290.43,2024-01-01 23:41:57,card,1
717,user_15,2613.88,2024-01-01 23:42:20,mobile_money,0
369,user_15,7370.42,2024-01-01 23:46:22,bank_transfer,0
54,user_20,5522.11,2024-01-01 23:49:07,card,1
598,user_18,2119.9,2024-01-01 23:50:14,bank_transfer,0
725,user_6,6484.19,2024-01-01 23:54:54,mobile_money,0
522,user_39,3706.13,2024-01-01 23:55:07,mobile_money,0
883,user_10,4364.85,2024-01-02 00:03:15,bank_transfer,0
292,user_6,4134.88,2024-01-02 00:04:36,bank_transfer,1
248,user_36,2543.89,2024-01-02 00:05:13,bank_transfer,0
417,user_17,7258.14,2024-01-02 00:06:28,bank_transfer,1
447,user_4,10003.4,2024-01-02 00:06:48,bank_transfer,0
480,user_23,5388.18,2024-01-02 00:10:16,bank_transfer,1
792,user_35,6601.87,2024-01-02 00:19:29,mobile_money,1
368,user_15,7098.02,2024-01-02 00:25:01,mobile_money,0
530,user_24,5848.33,2024-01-02 00:29:35,card,0
172,user_12,5809.17,2024-01-02 00:30:11,bank_transfer,0
185,user_16,8180.32,2024-01-02 00:33:27,mobile_money,0
394,user_7,4390.89,2024-01-02 00:37:21,bank_transfer,1
231,user_31,1593.24,2024-01-02 00:38:41,bank_transfer,0
235,user_40,5733.2,2024-01-02 00:40:22,mobile_money,0
998,user_24,3253.18,2024-01-02 00:41:48,card,0
335,user_22,5943.38,2024-01-02 00:42:50,mobile_money,0
222,user_16,8510.68,2024-01-02 00:42:56,mobile_money,1
226,user_22,4315.38,2024-01-02 00:43:33,mobile_money,1
67,user_4,7805.59,2024-01-02 00:46:37,card,1
5,user_2,4061.05,2024-01-02 00:49:23,card,1
761,user_16,3795.79,2024-01-02 00:49:28,card,1
641,user_28,8344.56,2024-01-02 00:49:34,card,0
745,user_22,6663.26,2024-01-02 00:49:53,bank_transfer,0
220,user_26,4463.47,2024-01-02 00:50:58,card,0
924,user_31,5777.44,2024-01-02 00:51:21,mobile_money,0
152,user_21,5415.2,2024-01-02 00:55:28,mobile_money,0
850,user_23,3245.63,2024-01-02 00:58:55,bank_transfer,1
755,user_7,9257.89,2024-01-02 00:59:40,card,1
451,user_23,508.67,2024-01-02 01:00:55,mobile_money,0
992,user_2,2558.66,2024-01-02 01:05:08,card,0
316,user_19,7017.21,2024-01-02 01:13:42,mobile_money,0
457,user_20,5086.54,2024-01-02 01:15:04,mobile_money,0
48,user_33,4367.67,2024-01-02 01:15:27,bank_transfer,0
96,user_26,6744.32,2024-01-02 01:17:32,bank_transfer,1
352,user_40,4490.36,2024-01-02 01:19:09,bank_transfer,0
668,user_4,3627.36,2024-01-02 01:19:32,mobile_money,0
35,user_17,1851.69,2024-01-02 01:24:34,mobile_money,0
429,user_18,4951.45,2024-01-02 01:33:51,bank_transfer,0
318,user_16,7992.09,2024-01-02 01:34:25,card,0
22,user_24,4656.74,2024-01-02 01:35:14,mobile_money,1
98,user_40,4930.94,2024-01-02 01:35:18,bank_transfer,1
920,user_40,3230.37,2024-01-02 01:39:28,mobile_money,1
596,user_22,5251.15,2024-01-02 01:41:06,mobile_money,0
189,user_22,5448.18,2024-01-02 01:43:32,mobile_money,0
154,user_25,1567.15,2024-01-02 01:45:52,card,0
351,user_12,5579.68,2024-01-02 01:50:03,card,1
126,user_16,3742.86,2024-01-02 01:50:18,mobile_money,0
983,user_12,3380.79,2024-01-02 01:52:30,bank_transfer,0
555,user_2,5748.56,2024-01-02 01:57:16,mobile_money,0
730,user_16,5273.07,2024-01-02 02:04:07,bank_transfer,1
857,user_4,6577.8,2024-01-02 02:07:02,bank_transfer,0
595,user_29,4699.89,2024-01-02 02:10:44,mobile_money,0
168,user_37,4739.71,2024-01-02 02:10:57,bank_transfer,1
887,user_22,5252.76,2024-01-02 02:14:02,bank_transfer,0
1,user_8,6295.38,2024-01-02 02:20:14,mobile_money,1
41,user_39,10267.06,2024-01-02 02:23:38,bank_transfer,0
199,user_26,4353.25,2024-01-02 02:28:40,mobile_money,0
39,user_11,200.0,2024-01-02 02:30:26,mobile_money,0
163,user_22,5024.29,2024-01-02 02:32:29,card,1
291,user_21,4024.79,2024-01-02 02:32:36,card,0
770,user_14,3298.96,2024-01-02 02:33:33,bank_transfer,0
81,user_7,7000.97,2024-01-02 02:40:01,bank_transfer,1
845,user_19,4877.91,2024-01-02 02:40:01,mobile_money,1
488,user_16,4644.52,2024-01-02 02:46:28,mobile_money,0
518,user_39,6145.17,2024-01-02 02:46:43,bank_transfer,1
527,user_22,8371.3,2024-01-02 02:54:02,bank_transfer,0
880,user_35,7514.12,2024-01-02 02:55:21,card,0
147,user_28,5227.03,2024-01-02 02:55:31,bank_transfer,1
133,user_7,9269.28,2024-01-02 02:56:15,card,0
714,user_22,6158.8,2024-01-02 03:00:00,bank_transfer,0
370,user_17,3659.92,2024-01-02 03:04:33,bank_transfer,0
813,user_12,2861.5,2024-01-02 03:05:15,mobile_money,0
978,user_6,768.16,2024-01-02 03:13:27,mobile_money,0
599,user_28,3017.22,2024-01-02 03:16:18,bank_transfer,1
740,user_12,3486.41,2024-01-02 03:20:08,card,0
425,user_26,6735.53,2024-01-02 03:20:12,card,0
112,user_9,6027.57,2024-01-02 03:20:23,card,0
882,user_2,5764.88,2024-01-02 03:30:32,bank_transfer,0
418,user_27,4839.17,2024-01-02 03:34:34,bank_transfer,0
748,user_8,3321.58,2024-01-02 03:35:17,bank_transfer,0
513,user_6,7046.28,2024-01-02 03:35:31,card,0
330,user_27,3739.17,2024-01-02 03:36:34,bank_transfer,1
444,user_36,3997.72,2024-01-02 03:36:48,card,0
551,user_8,4948.89,2024-01-02 03:39:13,card,0
879,user_5,6527.18,2024-01-02 03:42:17,mobile_money,0
365,user_26,5652.27,2024-01-02 03:43:17,bank_transfer,0
997,user_8,2873.2,2024-01-02 03:46:02,bank_transfer,0
275,user_14,5571.96,2024-01-02 03:46:56,card,0
484,user_27,3520.25,2024-01-02 03:47:11,mobile_money,0
681,user_3,4650.08,2024-01-02 03:47:13,bank_transfer,0
345,user_6,4103.95,2024-01-02 03:51:18,card,0
623,user_13,3354.76,2024-01-02 03:51:35,card,1
173,user_34,5111.14,2024-01-02 03:53:43,bank_transfer,0
334,user_9,6550.95,2024-01-02 03:54:43,bank_transfer,0
651,user_39,5392.34,2024-01-02 03:55:04,bank_transfer,0
568,user_30,5759.45,2024-01-02 03:56:19,mobile_money,1
89,user_10,2339.85,2024-01-02 03:56:40,card,1
839,user_7,3581.93,2024-01-02 03:59:31,bank_transfer,0
690,user_33,2896.61,2024-01-02 04:03:24,card,1
614,user_29,4145.35,2024-01-02 04:03:47,mobile_money,0
701,user_38,3581.75,2024-01-02 04:22:18,bank_transfer,0
455,user_36,5091.18,2024-01-02 04:23:14,bank_transfer,1
629,user_12,6479.5,2024-01-02 04:23:57,bank_transfer,0
496,user_10,5308.49,2024-01-02 04:24:16,bank_transfer,0
320,user_33,2749.02,2024-01-02 04:24:32,card,0
811,user_34,3091.88,2024-01-02 04:24:35,mobile_money,1
947,user_34,6375.73,2024-01-02 04:27:57,bank_transfer,0
122,user_10,4697.53,2024-01-02 04:31:51,mobile_money,0
299,user_22,2579.0,2024-01-02 04:32:24,card,0
136,user_15,3814.23,2024-01-02 04:36:21,card,1
790,user_29,3701.47,2024-01-02 04:37:52,mobile_money,0
573,user_27,6832.66,2024-01-02 04:48:50,bank_transfer,1
589,user_21,6604.94,2024-01-02 04:49:05,bank_transfer,0
669,user_40,2523.67,2024-01-02 04:52:15,card,0
777,user_29,3365.63,2024-01-02 04:54:05,card,1
207,user_18,4784.03,2024-01-02 04:55:32,mobile_money,0
503,user_18,1817.19,2024-01-02 04:56:21,mobile_money,0
80,user_29,6052.9,2024-01-02 04:56:51,bank_transfer,0
18,user_37,4181.9,2024-01-02 05:01:05,card,1
206,user_22,7074.32,2024-01-02 05:08:54,mobile_money,0
485,user_2,8131.05,2024-01-02 05:10:28,card,0
196,user_39,3383.4,2024-01-02 05:11:57,mobile_money,0
195,user_35,9379.61,2024-01-02 05:15:09,bank_transfer,0
412,user_1,5231.37,2024-01-02 05:19:06,card,0
399,user_27,8950.05,2024-01-02 05:20:00,mobile_money,0
778,user_38,811.76,2024-01-02 05:23:09,bank_transfer,0
468,user_29,6112.11,2024-01-02 05:34:22,mobile_money,0
621,user_29,3837.53,2024-01-02 05:42:12,bank_transfer,1
401,user_29,5999.48,2024-01-02 05:42:34,card,0
257,user_35,1878.99,2024-01-02 05:42:56,card,1
270,user_15,3338.1,2024-01-02 05:43:36,mobile_money,0
885,user_11,5939.12,2024-01-02 05:50:38,bank_transfer,0
631,user_9,3285.45,2024-01-02 05:52:25,mobile_money,1
25,user_35,2306.64,2024-01-02 05:56:23,card,0
371,user_9,4289.94,2024-01-02 05:56:43,bank_transfer,0
785,user_28,9123.01,2024-01-02 05:58:51,card,0
834,user_14,3231.97,2024-01-02 06:00:01,card,0
127,user_36,3534.62,2024-01-02 06:01:54,mobile_money,0
535,user_34,4648.8,2024-01-02 06:02:02,mobile_money,1
649,user_11,2955.13,2024-01-02 06:13:40,bank_transfer,0
243,user_29,4796.1,2024-01-02 06:21:25,card,0
667,user_29,6626.59,2024-01-02 06:27:05,card,1
340,user_6,6033.34,2024-01-02 06:27:40,bank_transfer,0
952,user_7,3025.64,2024-01-02 06:27:48,card,0
927,user_21,4788.94,2024-01-02 06:30:37,mobile_money,0
510,user_13,5938.23,2024-01-02 06:31:40,mobile_money,0
410,user_14,6265.88,2024-01-02 06:32:11,card,0
590,user_26,4203.36,2024-01-02 06:32:47,bank_transfer,0
287,user_19,5903.03,2024-01-02 06:38:48,mobile_money,0
307,user_32,4006.28,2024-01-02 06:40:36,card,0
421,user_33,2915.03,2024-01-02 06:41:02,bank_transfer,1
158,user_39,8376.03,2024-01-02 06:42:47,mobile_money,0
645,user_19,5338.25,2024-01-02 06:45:41,mobile_money,0
867,user_18,2621.98,2024-01-02 06:45:57,card,0
855,user_5,5969.47,2024-01-02 06:47:17,card,0
945,user_28,2603.63,2024-01-02 06:52:11,card,1
768,user_24,6346.36,2024-01-02 06:54:07,bank_transfer,0
59,user_39,3307.97,2024-01-02 06:56:48,card,0
310,user_32,4922.38,2024-01-02 07:01:37,bank_transfer,1
245,user_16,6702.71,2024-01-02 07:04:21,bank_transfer,0
611,user_3,5208.4,2024-01-02 07:07:14,card,1
129,user_11,4263.1,2024-01-02 07:10:08,card,0
965,user_28,7671.61,2024-01-02 07:10:30,bank_transfer,0
864,user_7,3915.06,2024-01-02 07:12:44,bank_transfer,0
875,user_22,3001.4,2024-01-02 07:14:11,card,0
91,user_4,6644.12,2024-01-02 07:18:02,card,0
29,user_21,7062.0,2024-01-02 07:22:50,card,0
115,user_14,1878.89,2024-01-02 07:26:27,mobile_money,0
986,user_29,5012.84,2024-01-02 07:38:45,mobile_money,0
616,user_9,5413.69,2024-01-02 07:39:34,mobile_money,0
27,user_36,1248.65,2024-01-02 07:40:14,mobile_money,1
105,user_7,5428.19,2024-01-02 07:44:02,card,1
7,user_13,5044.44,2024-01-02 07:44:11,bank_transfer,0
284,user_10,5459.32,2024-01-02 07:51:01,card,0
175,user_30,6772.4,2024-01-02 07:51:41,mobile_money,1
625,user_29,2996.46,2024-01-02 07:55:55,bank_transfer,0
174,user_16,5120.47,2024-01-02 07:57:12,card,0
303,user_21,3236.24,2024-01-02 08:02:07,card,0
336,user_7,1940.47,2024-01-02 08:03:05,mobile_money,0
674,user_2,6015.98,2024-01-02 08:03:22,mobile_money,1
327,user_36,10077.38,2024-01-02 08:05:22,mobile_money,0
6,user_33,6085.12,2024-01-02 08:15:20,bank_transfer,0
176,user_34,4532.59,2024-01-02 08:17:04,bank_transfer,0
453,user_15,6013.47,2024-01-02 08:18:24,bank_transfer,0
200,user_9,1679.77,2024-01-02 08:24:32,bank_transfer,0
906,user_6,4407.47,2024-01-02 08:26:52,card,0
964,user_12,5185.69,2024-01-02 08:36:48,bank_transfer,1
877,user_14,3869.43,2024-01-02 08:41:32,bank_transfer,0
479,user_15,4107.13,2024-01-02 08:45:36,bank_transfer,0
187,user_15,2791.56,2024-01-02 08:45:56,card,0
808,user_15,5291.92,2024-01-02 08:46:16,bank_transfer,0
874,user_32,7166.36,2024-01-02 08:49:21,bank_transfer,0
191,user_25,5049.02,2024-01-02 08:50:18,bank_transfer,0
393,user_20,9162.63,2024-01-02 08:50:53,card,0
557,user_6,7215.44,2024-01-02 08:52:04,card,0
224,user_3,3689.83,2024-01-02 08:52:20,mobile_money,0
190,user_4,5025.18,2024-01-02 08:52:35,mobile_money,1
474,user_39,3810.22,2024-01-02 08:56:16,card,1
192,user_2,5996.0,2024-01-02 08:56:48,bank_transfer,0
56,user_32,4693.33,2024-01-02 08:57:43,bank_transfer,0
208,user_17,8054.2,2024-01-02 09:02:48,mobile_money,0
11,user_18,5244.44,2024-01-02 09:07:56,mobile_money,1
547,user_11,3655.02,2024-01-02 09:09:11,bank_transfer,0
247,user_23,3905.44,2024-01-02 09:16:51,bank_transfer,0
797,user_35,4300.78,2024-01-02 09:23:19,mobile_money,0
866,user_34,7864.68,2024-01-02 09:23:27,mobile_money,0
620,user_8,7628.8,2024-01-02 09:26:30,mobile_money,0
360,user_17,5345.12,2024-01-02 09:27:33,mobile_money,0
956,user_31,1532.03,2024-01-02 09:29:13,card,0
627,user_5,7650.54,2024-01-02 09:40:21,mobile_money,0
994,user_35,2027.45,2024-01-02 09:41:03,mobile_money,0
53,user_2,5592.24,2024-01-02 09:46:56,mobile_money,1
587,user_30,6011.88,2024-01-02 09:50:15,card,1
746,user_35,4944.66,2024-01-02 09:51:31,card,0
461,user_6,7203.31,2024-01-02 09:52:05,card,0
305,user_35,5959.16,2024-01-02 09:52:51,card,0
266,user_4,5254.73,2024-01-02 09:52:52,bank_transfer,1
837,user_23,3705.52,2024-01-02 09:57:58,mobile_money,0
296,user_18,4183.85,2024-01-02 09:58:39,bank_transfer,1
391,user_20,7682.62,2024-01-02 09:59:10,card,0
852,user_4,3541.09,2024-01-02 10:00:35,card,0
180,user_29,4625.55,2024-01-02 10:04:03,bank_transfer,0
508,user_30,6520.83,2024-01-02 10:04:24,bank_transfer,0
519,user_22,7798.71,2024-01-02 10:08:39,card,1
329,user_16,6232.43,2024-01-02 10:12:08,card,0
442,user_24,3681.17,2024-01-02 10:13:52,bank_transfer,0
822,user_34,3941.89,2024-01-02 10:16:36,card,1
676,user_14,7804.14,2024-01-02 10:19:36,card,0
406,user_6,4547.51,2024-01-02 10:21:15,bank_transfer,0
459,user_37,6089.33,2024-01-02 10:26:55,card,0
322,user_22,6451.53,2024-01-02 10:27:04,bank_transfer,0
592,user_13,3984.64,2024-01-02 10:27:33,card,0
144,user_28,5020.47,2024-01-02 10:28:44,bank_transfer,0
915,user_27,5695.06,2024-01-02 10:28:47,card,0
230,user_18,658.27,2024-01-02 10:38:29,bank_transfer,0
15,user_30,2956.9,2024-01-02 10:43:27,mobile_money,0
165,user_10,4521.55,2024-01-02 10:45:12,card,1
179,user_28,5579.77,2024-01-02 10:45:51,bank_transfer,0
504,user_33,6129.4,2024-01-02 10:47:07,mobile_money,1
73,user_28,3927.68,2024-01-02 10:49:02,mobile_money,0
197,user_15,752.21,2024-01-02 10:51:35,mobile_money,0
424,user_2,1140.63,2024-01-02 10:52:21,mobile_money,1
804,user_4,4610.11,2024-01-02 10:52:36,card,1
648,user_40,8161.91,2024-01-02 10:56:58,bank_transfer,0
705,user_16,5981.27,2024-01-02 11:02:51,bank_transfer,1
926,user_32,1500.04,2024-01-02 11:04:00,card,0
541,user_19,11209.73,2024-01-02 11:07:19,mobile_money,0
178,user_40,2076.49,2024-01-02 11:08:00,bank_transfer,0
443,user_4,4743.58,2024-01-02 11:09:09,bank_transfer,0
507,user_40,1832.19,2024-01-02 11:09:46,mobile_money,0
169,user_25,1415.91,2024-01-02 11:10:15,card,0
546,user_25,3854.46,2024-01-02 11:14:57,mobile_money,0
985,user_19,6092.57,2024-01-02 11:19:23,mobile_money,1
996,user_36,5500.9,2024-01-02 11:22:22,bank_transfer,0
52,user_1,4488.47,2024-01-02 11:28:56,mobile_money,0
454,user_40,4598.57,2024-01-02 11:38:58,bank_transfer,0
763,user_33,3052.5,2024-01-02 11:50:23,bank_transfer,0
55,user_37,8890.23,2024-01-02 11:54:08,card,0
78,user_29,6354.37,2024-01-02 11:58:29,card,1
729,user_7,9026.77,2024-01-02 11:59:43,bank_transfer,0
151,user_33,4027.13,2024-01-02 12:00:39,mobile_money,0
545,user_29,1734.1,2024-01-02 12:01:35,mobile_money,0
979,user_8,7547.28,2024-01-02 12:02:42,card,1
901,user_24,6777.33,2024-01-02 12:09:18,card,1
821,user_27,1874.91,2024-01-02 12:09:25,bank_transfer,0
426,user_32,5566.06,2024-01-02 12:09:43,mobile_money,0
679,user_7,5746.12,2024-01-02 12:12:34,mobile_money,0
487,user_24,2540.26,2024-01-02 12:13:33,card,1
933,user_5,9968.93,2024-01-02 12:15:44,mobile_money,0
872,user_25,5608.39,2024-01-02 12:17:05,card,0
276,user_11,8566.23,2024-01-02 12:18:44,bank_transfer,1
967,user_38,8680.43,2024-01-02 12:21:42,card,0
634,user_9,5864.39,2024-01-02 12:22:49,card,0
982,user_9,7393.38,2024-01-02 12:23:11,mobile_money,0
440,user_31,3348.83,2024-01-02 12:23:45,card,1
658,user_31,4888.46,2024-01-02 12:25:35,bank_transfer,1
353,user_16,2778.85,2024-01-02 12:41:18,bank_transfer,1
700,user_2,7748.62,2024-01-02 12:46:08,mobile_money,0
762,user_30,5546.73,2024-01-02 12:46:50,mobile_money,0
240,user_13,3942.55,2024-01-02 12:49:27,bank_transfer,1
914,user_5,3630.96,2024-01-02 12:52:20,mobile_money,1
171,user_7,8627.33,2024-01-02 12:52:35,card,0
780,user_9,7914.39,2024-01-02 12:52:53,mobile_money,0
58,user_36,3860.34,2024-01-02 12:55:40,bank_transfer,1
111,user_20,6030.07,2024-01-02 13:00:41,card,0
707,user_21,8429.05,2024-01-02 13:08:51,mobile_money,0
416,user_38,6231.42,2024-01-02 13:21:58,card,0
90,user_4,4949.42,2024-01-02 13:27:07,bank_transfer,0
897,user_40,4901.25,2024-01-02 13:30:19,card,0
902,user_20,3946.49,2024-01-02 13:31:18,mobile_money,0
639,user_34,6468.49,2024-01-02 13:46:09,bank_transfer,0
472,user_38,5686.22,2024-01-02 13:47:38,bank_transfer,0
193,user_25,9306.36,2024-01-02 13:49:14,mobile_money,0
868,user_24,4489.5,2024-01-02 14:00:02,mobile_money,0
490,user_22,7621.09,2024-01-02 14:02:02,card,1
958,user_21,6517.88,2024-01-02 14:03:02,card,1
36,user_38,6275.91,2024-01-02 14:10:00,card,0
159,user_29,5984.28,2024-01-02 14:11:17,card,0
939,user_27,3227.56,2024-01-02 14:12:48,mobile_money,0
739,user_35,6992.1,2024-01-02 14:13:46,card,0
470,user_14,6277.78,2024-01-02 14:14:30,card,1
847,user_32,3963.19,2024-01-02 14:17:51,bank_transfer,0
642,user_8,6845.86,2024-01-02 14:17:53,mobile_money,0
815,user_25,3947.84,2024-01-02 14:19:08,mobile_money,0
21,user_25,6396.8,2024-01-02 14:19:33,bank_transfer,0
566,user_16,4820.95,2024-01-02 14:19:55,card,0
718,user_19,4919.82,2024-01-02 14:27:47,bank_transfer,0
644,user_15,3960.29,2024-01-02 14:43:25,bank_transfer,0
691,user_9,6015.52,2024-01-02 14:43:44,mobile_money,0
285,user_5,4856.65,2024-01-02 14:59:00,mobile_money,1
810,user_21,4307.83,2024-01-02 14:59:23,card,1
910,user_36,6798.27,2024-01-02 15:01:40,card,0
550,user_7,5521.35,2024-01-02 15:02:41,bank_transfer,0
597,user_32,2807.45,2024-01-02 15:04:20,bank_transfer,0
807,user_9,5199.81,2024-01-02 15:05:03,mobile_money,0
153,user_36,4943.16,2024-01-02 15:05:33,mobile_money,1
561,user_9,3226.0,2024-01-02 15:08:09,mobile_money,0
79,user_18,7087.72,2024-01-02 15:14:06,card,0
974,user_26,1675.02,2024-01-02 15:15:32,mobile_money,0
150,user_8,1095.82,2024-01-02 15:16:11,mobile_money,0
60,user_35,23024.0,2024-01-02 15:16:48,bank_transfer,0
2,user_16,8046.06,2024-01-02 15:18:57,bank_transfer,1
321,user_5,5218.79,2024-01-02 15:19:42,mobile_money,0
49,user_20,6925.28,2024-01-02 15:23:43,bank_transfer,0
326,user_35,4059.44,2024-01-02 15:25:35,mobile_money,0
252,user_12,3024.13,2024-01-02 15:26:22,bank_transfer,1
304,user_26,6025.21,2024-01-02 15:26:28,card,0
155,user_40,5897.3,2024-01-02 15:29:44,mobile_money,0
794,user_26,4729.51,2024-01-02 15:31:48,bank_transfer,0
911,user_37,7477.26,2024-01-02 15:35:54,bank_transfer,0
50,user_39,4580.62,2024-01-02 15:43:57,mobile_money,1
277,user_5,6281.16,2024-01-02 15:48:05,mobile_money,1
733,user_31,3395.01,2024-01-02 15:48:19,card,1
213,user_10,5332.86,2024-01-02 15:48:37,mobile_money,1
617,user_21,5508.5,2024-01-02 15:51:15,card,0
735,user_27,6360.53,2024-01-02 15:54:51,mobile_money,0
689,user_13,4878.96,2024-01-02 15:56:52,mobile_money,0
83,user_11,5217.42,2024-01-02 16:02:47,mobile_money,0
675,user_33,5730.6,2024-01-02 16:09:03,card,0
85,user_11,6306.1,2024-01-02 16:16:23,mobile_money,0
381,user_10,8621.9,2024-01-02 16:20:24,card,0
350,user_16,2518.72,2024-01-02 16:21:50,bank_transfer,0
517,user_25,3857.64,2024-01-02 16:29:57,mobile_money,0
523,user_6,3841.07,2024-01-02 16:33:27,card,0
465,user_39,5635.61,2024-01-02 16:36:41,card,1
237,user_12,4874.64,2024-01-02 16:39:24,mobile_money,0
342,user_32,4670.93,2024-01-02 16:44:39,card,0
908,user_25,3272.1,2024-01-02 16:51:58,mobile_money,1
65,user_36,3474.75,2024-01-02 16:53:31,card,1
798,user_15,5523.33,2024-01-02 16:53:46,mobile_money,1
74,user_30,7193.06,2024-01-02 16:54:51,card,0
653,user_6,2809.43,2024-01-02 16:55:49,bank_transfer,1
843,user_10,4279.05,2024-01-02 17:09:51,bank_transfer,1
408,user_22,6237.32,2024-01-02 17:10:36,card,1
824,user_6,2491.42,2024-01-02 17:13:36,mobile_money,0
772,user_34,6167.77,2024-01-02 17:14:26,bank_transfer,0
272,user_38,3184.87,2024-01-02 17:15:10,mobile_money,0
140,user_22,4789.76,2024-01-02 17:17:36,card,0
106,user_33,2508.52,2024-01-02 17:18:53,mobile_money,0
758,user_29,5468.28,2024-01-02 17:19:10,mobile_money,0
62,user_24,4831.67,2024-01-02 17:19:32,bank_transfer,0
264,user_8,2380.7,2024-01-02 17:21:58,mobile_money,0
907,user_39,7100.22,2024-01-02 17:22:40,mobile_money,0
606,user_18,1709.2,2024-01-02 17:23:14,card,0
647,user_18,1737.0,2024-01-02 17:24:32,mobile_money,1
101,user_21,4751.74,2024-01-02 17:28:36,mobile_money,1
431,user_39,3387.94,2024-01-02 17:31:46,mobile_money,0
295,user_31,7402.43,2024-01-02 17:32:41,mobile_money,0
385,user_30,10521.52,2024-01-02 17:32:56,bank_transfer,0
448,user_20,5939.24,2024-01-02 17:36:58,bank_transfer,0
776,user_10,2787.38,2024-01-02 17:38:30,bank_transfer,1
376,user_13,6486.53,2024-01-02 17:41:21,bank_transfer,1
954,user_10,3375.19,2024-01-02 17:53:28,mobile_money,0
801,user_27,6435.98,2024-01-02 17:54:12,card,0
31,user_21,3321.56,2024-01-02 17:56:41,mobile_money,1
563,user_2,2407.0,2024-01-02 17:59:42,card,0
938,user_38,4639.02,2024-01-02 18:00:23,bank_transfer,0
209,user_2,3768.43,2024-01-02 18:02:20,card,0
77,user_16,3324.84,2024-01-02 18:02:27,bank_transfer,1
628,user_20,5844.03,2024-01-02 18:06:09,bank_transfer,0
494,user_10,4541.19,2024-01-02 18:09:14,card,1
863,user_28,5680.24,2024-01-02 18:10:31,card,0
848,user_22,7415.33,2024-01-02 18:14:24,mobile_money,0
46,user_30,6647.47,2024-01-02 18:19:01,bank_transfer,1
966,user_40,4718.33,2024-01-02 18:19:20,mobile_money,0
970,user_12,5929.96,2024-01-02 18:23:02,card,0
355,user_17,4486.37,2024-01-02 18:23:49,bank_transfer,0
181,user_31,4672.27,2024-01-02 18:27:05,card,0
439,user_17,4668.55,2024-01-02 18:28:36,card,0
888,user_9,8877.86,2024-01-02 18:29:14,bank_transfer,0
936,user_28,6550.89,2024-01-02 18:30:20,card,0
767,user_10,7579.51,2024-01-02 18:30:43,bank_transfer,0
988,user_25,4276.38,2024-01-02 18:41:05,bank_transfer,0
624,user_29,4699.32,2024-01-02 18:45:00,bank_transfer,1
388,user_31,3020.83,2024-01-02 18:45:42,bank_transfer,1
989,user_32,2807.75,2024-01-02 18:50:14,mobile_money,0
553,user_10,8084.51,2024-01-02 18:51:46,card,0
904,user_28,3708.46,2024-01-02 18:52:35,bank_transfer,0
128,user_40,3843.45,2024-01-02 18:53:22,card,0
838,user_33,4882.24,2024-01-02 18:54:48,mobile_money,0
963,user_30,3902.55,2024-01-02 18:56:54,mobile_money,1
309,user_19,8284.19,2024-01-02 18:57:09,bank_transfer,0
357,user_19,5051.14,2024-01-02 18:58:23,card,0
33,user_30,4041.65,2024-01-02 19:03:11,card,1
337,user_1,7160.92,2024-01-02 19:19:32,mobile_money,0
744,user_20,4258.99,2024-01-02 19:22:39,card,0
157,user_19,8740.85,2024-01-02 19:32:08,bank_transfer,1
858,user_40,4456.18,2024-01-02 19:38:39,bank_transfer,0
10,user_11,3464.05,2024-01-02 19:39:54,mobile_money,0
803,user_39,7065.93,2024-01-02 19:40:50,bank_transfer,1
788,user_12,3897.63,2024-01-02 19:41:18,bank_transfer,0
841,user_14,2107.74,2024-01-02 19:41:51,mobile_money,0
164,user_20,6861.87,2024-01-02 19:43:24,card,1
255,user_13,5587.33,2024-01-02 19:46:14,mobile_money,0
114,user_39,4744.53,2024-01-02 19:46:22,mobile_money,1
234,user_16,2117.61,2024-01-02 19:46:46,bank_transfer,0
289,user_33,6336.2,2024-01-02 19:48:55,mobile_money,0
865,user_10,7297.47,2024-01-02 19:50:52,bank_transfer,1
428,user_39,5094.03,2024-01-02 19:54:38,card,1
861,user_34,4600.94,2024-01-02 19:55:47,bank_transfer,0
280,user_19,5277.02,2024-01-02 19:57:10,mobile_money,0
42,user_17,2949.82,2024-01-02 20:03:29,card,0
520,user_36,6849.27,2024-01-02 20:05:08,mobile_money,0
917,user_32,3964.17,2024-01-02 20:08:03,card,0
325,user_32,4341.45,2024-01-02 20:08:53,mobile_money,0
69,user_18,4114.4,2024-01-02 20:10:47,card,0
663,user_21,3932.18,2024-01-02 20:11:07,mobile_money,0
826,user_4,4737.19,2024-01-02 20:11:56,bank_transfer,0
311,user_39,3441.15,2024-01-02 20:12:30,bank_transfer,0
928,user_24,4631.29,2024-01-02 20:16:11,bank_transfer,1
975,user_23,2466.21,2024-01-02 20:23:38,bank_transfer,0
204,user_12,1539.37,2024-01-02 20:24:01,mobile_money,1
720,user_36,7411.85,2024-01-02 20:28:37,bank_transfer,0
514,user_3,5183.17,2024-01-02 20:29:32,mobile_money,1
72,user_27,6715.01,2024-01-02 20:35:18,card,1
564,user_36,1974.81,2024-01-02 20:36:46,bank_transfer,0
854,user_9,2238.91,2024-01-02 20:47:45,card,0
937,user_29,5754.7,2024-01-02 20:48:41,mobile_money,0
288,user_20,6287.61,2024-01-02 20:49:13,mobile_money,0
239,user_18,6232.21,2024-01-02 20:49:57,bank_transfer,0
265,user_32,5055.38,2024-01-02 20:55:58,bank_transfer,1
493,user_23,5148.41,2024-01-02 21:00:34,bank_transfer,0
537,user_10,4485.25,2024-01-02 21:02:14,bank_transfer,1
116,user_33,9000.7,2024-01-02 21:02:21,card,0
685,user_40,1061.71,2024-01-02 21:05:24,card,0
473,user_20,4503.47,2024-01-02 21:05:31,mobile_money,1
533,user_10,2377.56,2024-01-02 21:09:17,card,1
846,user_15,3528.28,2024-01-02 21:11:43,card,0
460,user_10,9033.78,2024-01-02 21:16:44,card,0
300,user_11,1773.18,2024-01-02 21:17:52,bank_transfer,0
665,user_33,3493.4,2024-01-02 21:23:39,mobile_money,0
805,user_26,6387.71,2024-01-02 21:23:48,bank_transfer,0
818,user_31,2737.95,2024-01-02 21:30:06,card,1
673,user_32,1327.59,2024-01-02 21:30:56,mobile_money,0
506,user_19,2644.21,2024-01-02 21:33:17,card,1
890,user_4,7887.99,2024-01-02 21:39:11,card,1
565,user_34,7429.02,2024-01-02 21:40:11,mobile_money,0
969,user_5,2180.61,2024-01-02 21:41:57,bank_transfer,0
781,user_37,7333.1,2024-01-02 21:43:38,mobile_money,1
802,user_16,8351.09,2024-01-02 21:48:05,card,1
435,user_28,6334.41,2024-01-02 21:53:03,card,0
578,user_3,5241.18,2024-01-02 21:53:20,mobile_money,0
201,user_2,1970.85,2024-01-02 21:56:19,bank_transfer,0
987,user_1,2803.71,2024-01-02 21:57:42,card,0
51,user_11,6448.17,2024-01-02 21:58:27,bank_transfer,0
286,user_39,2952.36,2024-01-02 21:58:34,bank_transfer,0
282,user_38,7483.43,2024-01-02 21:59:09,card,0
916,user_24,7327.02,2024-01-02 22:04:08,card,0
710,user_4,4850.29,2024-01-02 22:04:21,bank_transfer,0
896,user_38,2972.52,2024-01-02 22:06:13,card,0
9,user_38,5444.16,2024-01-02 22:07:27,card,0
886,user_25,2986.88,2024-01-02 22:08:07,bank_transfer,0
279,user_19,4573.05,2024-01-02 22:08:25,mobile_money,1
216,user_11,3701.51,2024-01-02 22:08:50,bank_transfer,0
293,user_37,5579.55,2024-01-02 22:12:18,card,0
82,user_1,5304.84,2024-01-02 22:16:40,card,1
313,user_36,2962.76,2024-01-02 22:22:28,card,0
12,user_7,3969.13,2024-01-02 22:28:08,card,1
548,user_9,430.36,2024-01-02 22:28:14,card,0
972,user_32,5914.46,2024-01-02 22:30:39,bank_transfer,0
141,user_17,8086.14,2024-01-02 22:30:57,mobile_money,1
258,user_4,5413.38,2024-01-02 22:32:03,bank_transfer,0
383,user_24,6822.75,2024-01-02 22:34:56,mobile_money,1
256,user_12,4022.46,2024-01-02 22:35:09,bank_transfer,0
177,user_21,5891.01,2024-01-02 22:36:36,mobile_money,0
380,user_8,7718.32,2024-01-02 22:41:16,card,0
219,user_20,200.0,2024-01-02 22:41:27,mobile_money,0
261,user_19,22240.0,2024-01-02 22:41:46,mobile_money,0
400,user_3,4905.47,2024-01-02 22:49:24,card,0
935,user_16,4030.07,2024-01-02 22:56:45,card,0
233,user_6,7245.36,2024-01-02 23:00:01,mobile_money,0
84,user_14,5211.53,2024-01-02 23:01:55,card,0
556,user_33,4826.31,2024-01-02 23:13:34,mobile_money,0
317,user_27,1442.56,2024-01-02 23:16:19,mobile_money,0
395,user_9,6215.13,2024-01-02 23:16:55,mobile_money,0
925,user_21,4584.74,2024-01-02 23:23:44,bank_transfer,0
799,user_10,5607.56,2024-01-02 23:25:10,bank_transfer,0
471,user_23,8134.62,2024-01-02 23:29:35,mobile_money,0
528,user_34,4079.41,2024-01-02 23:34:11,bank_transfer,1
354,user_10,8504.54,2024-01-02 23:34:54,bank_transfer,1
462,user_25,5127.24,2024-01-02 23:39:32,mobile_money,0
361,user_13,6421.92,2024-01-02 23:43:23,mobile_money,0
301,user_32,421.88,2024-01-02 23:51:50,mobile_money,0
583,user_35,6925.93,2024-01-03 00:01:17,bank_transfer,0
458,user_1,7060.95,2024-01-03 00:02:57,card,1
571,user_10,6465.28,2024-01-03 00:06:34,card,0
990,user_27,4928.01,2024-01-03 00:09:36,mobile_money,0
750,user_12,1067.29,2024-01-03 00:11:57,mobile_money,1
942,user_23,3819.45,2024-01-03 00:14:45,bank_transfer,1
379,user_19,4983.53,2024-01-03 00:15:20,mobile_money,0
562,user_29,5848.28,2024-01-03 00:20:19,card,0
467,user_4,4916.76,2024-01-03 00:20:42,mobile_money,0
32,user_26,4381.58,2024-01-03 00:22:08,bank_transfer,0
278,user_29,3370.43,2024-01-03 00:27:46,mobile_money,0
626,user_21,5136.94,2024-01-03 00:28:54,bank_transfer,0
576,user_33,4720.82,2024-01-03 00:38:44,bank_transfer,0
630,user_15,4492.51,2024-01-03 00:39:15,card,1
709,user_31,2366.09,2024-01-03 00:42:27,bank_transfer,0
567,user_16,4393.38,2024-01-03 00:43:46,bank_transfer,0
339,user_22,2965.62,2024-01-03 00:43:49,mobile_money,0
876,user_34,3990.45,2024-01-03 00:43:55,card,0
489,user_34,7243.71,2024-01-03 00:44:10,mobile_money,1
306,user_13,8166.06,2024-01-03 00:44:37,bank_transfer,0
13,user_23,3799.49,2024-01-03 00:54:17,bank_transfer,0
183,user_32,3416.56,2024-01-03 00:54:26,mobile_money,0
991,user_32,200.0,2024-01-03 00:57:36,bank_transfer,1
919,user_1,4222.85,2024-01-03 01:01:46,mobile_money,0
749,user_30,2910.38,2024-01-03 01:10:08,bank_transfer,0
438,user_21,4449.75,2024-01-03 01:14:57,bank_transfer,0
420,user_33,6002.07,2024-01-03 01:15:44,mobile_money,0
971,user_30,7992.01,2024-01-03 01:22:27,bank_transfer,1
308,user_14,5775.69,2024-01-03 01:23:21,card,0
498,user_32,200.0,2024-01-03 01:26:02,bank_transfer,0
820,user_30,6031.88,2024-01-03 01:26:20,bank_transfer,0
726,user_17,5598.59,2024-01-03 01:27:48,card,0
483,user_28,9040.8,2024-01-03 01:37:49,bank_transfer,0
892,user_39,7219.4,2024-01-03 01:37:50,mobile_money,0
873,user_1,2344.13,2024-01-03 01:38:43,card,0
842,user_3,5189.99,2024-01-03 01:40:14,card,0
715,user_17,3011.79,2024-01-03 01:40:25,card,0
344,user_19,5298.57,2024-01-03 01:42:50,bank_transfer,0
162,user_33,4120.96,2024-01-03 01:44:34,bank_transfer,0
138,user_18,8744.01,2024-01-03 01:45:25,bank_transfer,0
94,user_6,2003.41,2024-01-03 01:57:44,card,0
724,user_19,4024.18,2024-01-03 01:59:20,bank_transfer,1
712,user_31,200.0,2024-01-03 02:13:37,mobile_money,0
884,user_26,3649.08,2024-01-03 02:15:27,mobile_money,0
244,user_19,5084.27,2024-01-03 02:16:46,bank_transfer,1
817,user_25,5203.29,2024-01-03 02:17:42,bank_transfer,1
702,user_4,6708.92,2024-01-03 02:30:15,card,0
121,user_1,7420.8,2024-01-03 02:31:52,bank_transfer,1
851,user_35,4484.92,2024-01-03 02:35:09,bank_transfer,0
913,user_20,6704.7,2024-01-03 02:35:34,card,0
881,user_12,5858.66,2024-01-03 02:40:04,mobile_money,0
782,user_20,3854.0,2024-01-03 02:40:54,mobile_money,0
97,user_16,2187.19,2024-01-03 02:51:46,card,0
559,user_22,4699.16,2024-01-03 02:54:10,card,0
697,user_37,2337.54,2024-01-03 02:54:50,card,0
532,user_13,7085.53,2024-01-03 02:55:50,card,1
829,user_36,7024.14,2024-01-03 02:56:16,card,1
30,user_14,6862.56,2024-01-03 02:56:58,bank_transfer,0
601,user_7,5083.38,2024-01-03 02:58:43,bank_transfer,1
961,user_16,4933.54,2024-01-03 03:03:01,bank_transfer,0
319,user_25,5559.94,2024-01-03 03:09:42,bank_transfer,1
995,user_37,8145.63,2024-01-03 03:12:12,mobile_money,0
825,user_6,5614.13,2024-01-03 03:12:18,card,0
118,user_3,5281.81,2024-01-03 03:12:51,card,1
823,user_17,6588.53,2024-01-03 03:21:20,bank_transfer,1
552,user_18,7345.46,2024-01-03 03:25:53,bank_transfer,0
314,user_8,10952.39,2024-01-03 03:31:11,card,0
569,user_39,4356.75,2024-01-03 03:41:01,bank_transfer,0
698,user_24,5556.66,2024-01-03 03:52:01,card,0
869,user_37,6159.27,2024-01-03 04:00:03,bank_transfer,1
657,user_35,3589.98,2024-01-03 04:01:22,mobile_money,0
806,user_14,4794.33,2024-01-03 04:03:05,card,0
588,user_3,6980.71,2024-01-03 04:08:25,card,0
608,user_24,5650.27,2024-01-03 04:11:58,bank_transfer,0
862,user_19,2673.62,2024-01-03 04:13:53,bank_transfer,1
993,user_19,1920.67,2024-01-03 04:16:28,card,1
409,user_37,4092.51,2024-01-03 04:21:15,bank_transfer,1
849,user_32,4745.74,2024-01-03 04:26:49,bank_transfer,0
149,user_22,9266.07,2024-01-03 04:27:32,bank_transfer,0
699,user_27,6291.84,2024-01-03 04:29:10,bank_transfer,0
840,user_31,3979.13,2024-01-03 04:30:03,mobile_money,0
63,user_29,5676.05,2024-01-03 04:32:18,card,1
856,user_14,3307.29,2024-01-03 04:33:06,mobile_money,0
980,user_12,4003.46,2024-01-03 04:42:48,card,0
594,user_28,6139.9,2024-01-03 04:44:40,bank_transfer,0
796,user_20,6153.52,2024-01-03 04:48:05,bank_transfer,0
511,user_33,9804.05,2024-01-03 04:48:11,card,1
223,user_39,200.0,2024-01-03 04:48:47,bank_transfer,0
20,user_6,5133.31,2024-01-03 04:49:25,card,0
34,user_16,4628.68,2024-01-03 04:54:23,bank_transfer,0
766,user_15,1478.47,2024-01-03 05:00:29,mobile_money,0
638,user_5,3124.44,2024-01-03 05:06:27,bank_transfer,0
962,user_11,4583.77,2024-01-03 05:06:42,mobile_money,0
449,user_33,5339.31,2024-01-03 05:06:49,bank_transfer,1
543,user_31,4789.22,2024-01-03 05:07:57,card,0
764,user_20,1454.78,2024-01-03 05:08:32,bank_transfer,0
977,user_20,5455.31,2024-01-03 05:08:55,bank_transfer,0
830,user_22,431.7,2024-01-03 05:10:21,card,0
263,user_17,7791.46,2024-01-03 05:12:36,mobile_money,0
582,user_22,5991.36,2024-01-03 05:14:09,mobile_money,1
609,user_11,4458.8,2024-01-03 05:14:44,card,0
949,user_26,6637.26,2024-01-03 05:18:22,bank_transfer,0
139,user_26,2410.12,2024-01-03 05:19:20,bank_transfer,0
912,user_25,5229.42,2024-01-03 05:19:29,mobile_money,1
918,user_30,5482.1,2024-01-03 05:25:11,mobile_money,1
737,user_21,7510.4,2024-01-03 05:29:04,card,0
827,user_39,3353.76,2024-01-03 05:32:40,card,0
694,user_21,6265.24,2024-01-03 05:34:05,bank_transfer,1
659,user_26,7622.42,2024-01-03 05:40:12,card,0
959,user_8,5419.82,2024-01-03 05:41:26,mobile_money,1
605,user_23,2220.86,2024-01-03 05:41:27,mobile_money,0
501,user_21,2147.75,2024-01-03 05:42:16,card,1
741,user_3,4577.33,2024-01-03 05:50:49,mobile_money,0
71,user_37,4167.09,2024-01-03 05:51:28,mobile_money,0
728,user_36,3493.16,2024-01-03 05:54:04,card,0
476,user_17,5379.44,2024-01-03 05:54:29,card,0
771,user_39,6518.42,2024-01-03 06:00:09,card,0
708,user_14,2881.23,2024-01-03 06:10:06,bank_transfer,0
43,user_8,6745.41,2024-01-03 06:12:22,bank_transfer,0
859,user_32,4147.15,2024-01-03 06:13:32,bank_transfer,1
362,user_7,5888.53,2024-01-03 06:18:15,bank_transfer,1
495,user_17,2568.49,2024-01-03 06:19:15,bank_transfer,1
377,user_24,7206.05,2024-01-03 06:21:03,mobile_money,0
575,user_5,9176.75,2024-01-03 06:22:42,bank_transfer,0
274,user_7,6510.78,2024-01-03 06:31:37,card,0
445,user_27,5937.13,2024-01-03 06:33:02,bank_transfer,0
16,user_6,4676.49,2024-01-03 06:36:07,bank_transfer,0
670,user_21,5049.7,2024-01-03 06:36:13,bank_transfer,0
87,user_19,5349.67,2024-01-03 06:37:24,bank_transfer,0
8,user_35,4144.41,2024-01-03 06:38:41,mobile_money,0
268,user_8,3748.01,2024-01-03 06:43:29,mobile_money,0
100,user_17,4513.73,2024-01-03 06:45:34,bank_transfer,1
738,user_6,5376.83,2024-01-03 06:47:09,card,0
481,user_3,4532.02,2024-01-03 06:51:21,mobile_money,0
45,user_8,8245.84,2024-01-03 06:52:31,card,0
374,user_9,4886.11,2024-01-03 06:53:08,mobile_money,1
779,user_29,1602.3,2024-01-03 07:03:53,mobile_money,0
736,user_31,7315.63,2024-01-03 07:07:50,mobile_money,0
242,user_31,4616.93,2024-01-03 07:13:48,mobile_money,0
271,user_29,4522.1,2024-01-03 07:15:23,mobile_money,0
375,user_21,2303.63,2024-01-03 07:19:01,card,0
721,user_18,5582.9,2024-01-03 07:21:20,bank_transfer,0
464,user_21,3099.34,2024-01-03 07:24:24,bank_transfer,0
973,user_21,27677.0,2024-01-03 07:27:31,bank_transfer,0
343,user_40,3644.87,2024-01-03 07:28:06,bank_transfer,1
14,user_17,6894.88,2024-01-03 07:32:01,bank_transfer,0
19,user_3,4077.07,2024-01-03 07:33:41,mobile_money,0
463,user_11,4070.99,2024-01-03 07:38:58,bank_transfer,0
433,user_8,4982.27,2024-01-03 07:44:29,bank_transfer,1
544,user_24,8561.66,2024-01-03 07:45:14,bank_transfer,0
682,user_36,3488.51,2024-01-03 07:45:26,bank_transfer,1
302,user_36,7864.96,2024-01-03 07:46:06,card,1
783,user_17,8584.31,2024-01-03 07:50:03,bank_transfer,0
619,user_32,5182.87,2024-01-03 07:56:03,bank_transfer,0
515,user_29,2229.26,2024-01-03 07:56:51,bank_transfer,0
348,user_21,5212.86,2024-01-03 07:57:50,mobile_money,0
560,user_3,6991.1,2024-01-03 07:59:09,mobile_money,0
262,user_22,8164.08,2024-01-03 08:02:41,card,1
816,user_27,4971.96,2024-01-03 08:03:17,mobile_money,0
774,user_8,7909.62,2024-01-03 08:05:41,bank_transfer,1
946,user_17,7058.44,2024-01-03 08:09:38,bank_transfer,1
775,user_33,2100.29,2024-01-03 08:09:57,bank_transfer,1
832,user_8,6103.12,2024-01-03 08:17:00,mobile_money,0
120,user_36,1239.37,2024-01-03 08:20:32,bank_transfer,0
37,user_9,6945.93,2024-01-03 08:20:46,card,0
656,user_2,3942.68,2024-01-03 08:21:16,bank_transfer,0
899,user_25,5776.49,2024-01-03 08:21:22,bank_transfer,0
661,user_31,8166.93,2024-01-03 08:25:29,mobile_money,0
372,user_3,5514.95,2024-01-03 08:39:58,mobile_money,0
452,user_8,3243.26,2024-01-03 08:42:27,bank_transfer,0
643,user_11,7085.22,2024-01-03 08:44:38,bank_transfer,1
819,user_20,5133.98,2024-01-03 08:46:14,card,0
950,user_38,2589.99,2024-01-03 08:46:35,card,0
870,user_15,5651.59,2024-01-03 08:52:34,card,0
28,user_4,2266.44,2024-01-03 08:55:23,card,1
194,user_20,3465.3,2024-01-03 09:03:22,mobile_money,0
756,user_31,6377.36,2024-01-03 09:08:07,card,0
713,user_12,3013.09,2024-01-03 09:08:09,bank_transfer,0
637,user_37,3905.02,2024-01-03 09:08:16,mobile_money,1
328,user_30,6047.91,2024-01-03 09:08:46,card,0
267,user_20,4083.78,2024-01-03 09:09:20,card,1
696,user_33,4538.6,2024-01-03 09:10:18,bank_transfer,0
160,user_33,1945.09,2024-01-03 09:10:31,bank_transfer,0
732,user_4,6150.74,2024-01-03 09:11:16,mobile_money,1
632,user_2,2883.4,2024-01-03 09:11:18,bank_transfer,0
695,user_20,5098.11,2024-01-03 09:19:28,bank_transfer,0
512,user_29,4954.79,2024-01-03 09:20:09,mobile_money,1
214,user_8,6615.11,2024-01-03 09:24:09,card,0
678,user_31,5056.41,2024-01-03 09:25:17,card,0
844,user_38,6022.83,2024-01-03 09:27:57,mobile_money,0
47,user_17,3779.36,2024-01-03 09:29:44,card,0
148,user_13,6324.26,2024-01-03 09:37:34,card,0
765,user_19,6131.02,2024-01-03 09:43:02,card,0
137,user_26,4525.22,2024-01-03 09:44:28,card,0
366,user_4,2497.77,2024-01-03 09:47:17,bank_transfer,0
871,user_3,5541.95,2024-01-03 09:48:27,mobile_money,1
212,user_13,4031.25,2024-01-03 09:56:30,bank_transfer,0
398,user_7,5485.04,2024-01-03 10:00:39,bank_transfer,0
64,user_5,8949.14,2024-01-03 10:17:31,bank_transfer,0
500,user_40,5982.81,2024-01-03 10:21:13,bank_transfer,0
364,user_19,6231.87,2024-01-03 10:22:54,bank_transfer,1
584,user_12,5615.24,2024-01-03 10:31:48,bank_transfer,0
253,user_31,3055.46,2024-01-03 10:37:42,bank_transfer,0
359,user_38,6925.58,2024-01-03 10:48:46,mobile_money,0
143,user_23,7326.33,2024-01-03 10:49:18,mobile_money,0
795,user_15,5379.7,2024-01-03 10:50:27,card,0
521,user_17,5119.26,2024-01-03 11:01:08,bank_transfer,0
652,user_3,3796.23,2024-01-03 11:03:37,card,0
591,user_31,4476.07,2024-01-03 11:08:08,bank_transfer,0
704,user_25,5006.09,2024-01-03 11:12:36,bank_transfer,1
751,user_19,4032.38,2024-01-03 11:17:51,card,0
297,user_28,6415.85,2024-01-03 11:27:50,mobile_money,0
586,user_12,5898.46,2024-01-03 11:28:00,card,0
509,user_3,5515.99,2024-01-03 11:28:37,bank_transfer,0
131,user_22,8530.91,2024-01-03 11:29:31,mobile_money,0
142,user_3,7646.53,2024-01-03 11:29:51,mobile_money,1
254,user_34,5158.96,2024-01-03 11:33:34,card,0
227,user_32,1538.25,2024-01-03 11:33:49,mobile_money,1
392,user_9,3232.44,2024-01-03 11:34:39,card,1
809,user_37,4071.36,2024-01-03 11:36:53,bank_transfer,0
604,user_23,4350.34,2024-01-03 11:43:01,bank_transfer,0
404,user_23,3682.2,2024-01-03 11:44:16,mobile_money,1
389,user_21,2131.27,2024-01-03 11:46:52,card,0
940,user_35,5537.32,2024-01-03 11:46:58,card,0
88,user_36,2566.29,2024-01-03 11:49:34,mobile_money,0
210,user_23,7872.37,2024-01-03 11:54:26,card,1
650,user_10,9159.89,2024-01-03 11:55:01,bank_transfer,1
687,user_24,5573.83,2024-01-03 12:00:45,mobile_money,0
984,user_12,5848.12,2024-01-03 12:04:29,mobile_money,0
572,user_40,4838.57,2024-01-03 12:04:32,bank_transfer,1
378,user_11,7302.85,2024-01-03 12:05:17,mobile_money,0
602,user_19,4535.2,2024-01-03 12:09:01,bank_transfer,1
833,user_16,5808.51,2024-01-03 12:09:20,bank_transfer,0
835,user_36,4753.64,2024-01-03 12:09:33,mobile_money,0
269,user_39,5097.04,2024-01-03 12:10:29,bank_transfer,0
281,user_5,1540.84,2024-01-03 12:12:42,mobile_money,0
491,user_5,1306.46,2024-01-03 12:16:43,card,0
108,user_19,5307.45,2024-01-03 12:21:22,bank_transfer,1
633,user_24,3864.49,2024-01-03 12:24:17,bank_transfer,0
228,user_30,7888.68,2024-01-03 12:26:50,mobile_money,0
760,user_1,6818.68,2024-01-03 12:27:28,mobile_money,0
135,user_23,5173.13,2024-01-03 12:28:54,card,0
538,user_40,1662.83,2024-01-03 12:29:20,card,0
549,user_31,5988.06,2024-01-03 12:34:25,bank_transfer,0
516,user_11,2785.36,2024-01-03 12:38:25,mobile_money,0
76,user_22,200.0,2024-01-03 12:39:00,card,0
182,user_18,8721.56,2024-01-03 12:43:53,bank_transfer,0
981,user_33,5214.32,2024-01-03 12:48:37,bank_transfer,0
753,user_26,6720.95,2024-01-03 12:55:20,bank_transfer,0
323,user_18,3419.05,2024-01-03 12:55:36,mobile_money,0
40,user_39,6643.81,2024-01-03 12:59:12,mobile_money,1
747,user_33,4270.09,2024-01-03 12:59:33,card,0
427,user_5,6426.8,2024-01-03 13:01:01,mobile_money,0
688,user_36,4768.76,2024-01-03 13:09:24,card,0
529,user_28,4359.31,2024-01-03 13:16:24,card,0
202,user_37,6359.32,2024-01-03 13:16:45,card,0
290,user_6,4621.58,2024-01-03 13:25:28,mobile_money,0
386,user_17,4568.63,2024-01-03 13:29:20,bank_transfer,0
791,user_25,200.0,2024-01-03 13:34:35,bank_transfer,1
104,user_1,4049.49,2024-01-03 13:35:22,bank_transfer,0
905,user_33,1229.6,2024-01-03 13:43:16,card,0
773,user_24,5555.97,2024-01-03 13:44:47,bank_transfer,1
603,user_28,6963.53,2024-01-03 13:49:08,mobile_money,1
903,user_7,5679.03,2024-01-03 13:50:51,card,1
900,user_10,3607.16,2024-01-03 13:54:02,mobile_money,0
542,user_15,5694.81,2024-01-03 13:54:31,mobile_money,0
312,user_11,606.97,2024-01-03 13:55:55,card,0
170,user_10,4106.45,2024-01-03 13:55:58,card,0
437,user_26,3093.08,2024-01-03 13:56:45,card,0
61,user_13,4116.47,2024-01-03 13:59:16,mobile_money,0
